GROUP,PACKAGE,CLASS,INSTRUCTION_MISSED,INSTRUCTION_COVERED,BRANCH_MISSED,BRANCH_COVERED,LINE_MISSED,LINE_COVERED,COMPLEXITY_MISSED,COMPLEXITY_COVERED,METHOD_MISSED,METHOD_COVERED
Dependency-Check Core,org.owasp.dependencycheck.data.central,CentralSearch,105,348,13,27,27,74,12,13,0,5
Dependency-Check Core,org.owasp.dependencycheck.data.cache,DataCache,0,17,0,0,0,6,0,3,0,3
Dependency-Check Core,org.owasp.dependencycheck.data.cache,DataCacheFactory,70,160,8,8,21,42,5,8,0,5
Dependency-Check Core,org.owasp.dependencycheck.data.cache,DataCacheFactory.CacheType,0,34,0,0,0,4,0,1,0,1
Dependency-Check Core,org.owasp.dependencycheck.data.update.nvd.api,DownloadTask,89,0,2,0,22,0,5,0,4,0
Dependency-Check Core,org.owasp.dependencycheck.data.update.nvd.api,NvdApiProcessor,75,71,3,3,15,20,4,5,1,5
Dependency-Check Core,org.owasp.dependencycheck.data.update.nvd.api,JsonArrayCveItemSource,24,62,4,6,6,18,5,5,1,4
Dependency-Check Core,org.owasp.dependencycheck.data.update.nvd.api,CveApiJson20CveItemSource,105,0,14,0,22,0,12,0,5,0
Dependency-Check Core,org.owasp.dependencycheck.dependency,VulnerableSoftware,202,650,40,102,43,138,38,52,2,15
Dependency-Check Core,org.owasp.dependencycheck.dependency,Vulnerability.Source,0,64,0,0,0,7,0,1,0,1
Dependency-Check Core,org.owasp.dependencycheck.dependency,CweSet,0,61,1,3,0,14,1,9,0,8
Dependency-Check Core,org.owasp.dependencycheck.dependency,Vulnerability,114,285,11,15,29,85,15,38,6,34
Dependency-Check Core,org.owasp.dependencycheck.dependency,IncludedByReference,15,0,0,0,6,0,3,0,3,0
Dependency-Check Core,org.owasp.dependencycheck.dependency,EvidenceCollection.new Filter() {...},0,11,0,2,0,2,0,3,0,2
Dependency-Check Core,org.owasp.dependencycheck.dependency,EvidenceCollection.new Filter() {...},0,11,0,2,0,2,0,3,0,2
Dependency-Check Core,org.owasp.dependencycheck.dependency,EvidenceCollection.new Filter() {...},0,11,0,2,0,2,0,3,0,2
Dependency-Check Core,org.owasp.dependencycheck.dependency,EvidenceCollection.new Filter() {...},0,11,0,2,0,2,0,3,0,2
Dependency-Check Core,org.owasp.dependencycheck.dependency,Confidence,0,44,0,0,0,5,0,1,0,1
Dependency-Check Core,org.owasp.dependencycheck.dependency,VulnerableSoftwareBuilder,132,166,0,0,25,41,20,21,20,21
Dependency-Check Core,org.owasp.dependencycheck.dependency,EvidenceCollection,113,371,26,32,29,89,24,30,1,17
Dependency-Check Core,org.owasp.dependencycheck.dependency,Evidence,47,199,13,17,14,38,19,13,6,11
Dependency-Check Core,org.owasp.dependencycheck.dependency,EvidenceType,0,34,0,0,0,4,0,1,0,1
Dependency-Check Core,org.owasp.dependencycheck.dependency,Dependency,139,900,21,65,34,248,26,92,6,69
Dependency-Check Core,org.owasp.dependencycheck.dependency,Reference,43,72,6,0,11,26,5,10,2,10
Dependency-Check Core,org.owasp.dependencycheck.data.composer,ComposerException,7,5,0,0,4,2,2,1,2,1
Dependency-Check Core,org.owasp.dependencycheck.data.composer,ComposerDependency,20,53,3,3,7,16,4,5,1,5
Dependency-Check Core,org.owasp.dependencycheck.data.composer,ComposerLockParser,22,185,6,14,6,41,6,9,0,5
Dependency-Check Core,org.owasp.dependencycheck.xml.pom,PomParseException,12,4,0,0,6,2,3,1,3,1
Dependency-Check Core,org.owasp.dependencycheck.xml.pom,Model,1,206,3,7,1,61,3,31,0,29
Dependency-Check Core,org.owasp.dependencycheck.xml.pom,PomHandler,0,296,10,47,0,72,10,32,0,5
Dependency-Check Core,org.owasp.dependencycheck.xml.pom,License,23,52,3,3,7,19,5,7,2,7
Dependency-Check Core,org.owasp.dependencycheck.xml.pom,PomUtils,194,55,9,5,44,20,8,3,1,3
Dependency-Check Core,org.owasp.dependencycheck.xml.pom,PomProjectInputStream,11,167,3,17,3,35,3,12,0,5
Dependency-Check Core,org.owasp.dependencycheck.xml.pom,PomParser,38,164,4,4,4,43,4,6,0,6
Dependency-Check Core,org.owasp.dependencycheck.xml.pom,Developer,117,38,16,0,26,16,11,11,3,11
Dependency-Check Core,org.owasp.dependencycheck.processing,GoModProcessor,17,30,1,1,4,10,1,4,0,4
Dependency-Check Core,org.owasp.dependencycheck.processing,GrokAssemblyProcessor,7,23,1,1,3,8,1,4,0,4
Dependency-Check Core,org.owasp.dependencycheck.processing,MixAuditProcessor,295,0,10,0,72,0,12,0,7,0
Dependency-Check Core,org.owasp.dependencycheck.processing,BundlerAuditProcessor,581,0,60,0,132,0,39,0,9,0
Dependency-Check Core,org.owasp.dependencycheck.data.update.cisa,KnownExploitedVulnerabilityParser,21,44,0,0,6,9,0,3,0,3
Dependency-Check Core,org.owasp.dependencycheck.data.elixir,MixAuditJsonParser,31,137,3,7,9,35,3,6,0,4
Dependency-Check Core,org.owasp.dependencycheck.data.elixir,MixAuditResult,6,57,0,0,2,20,2,9,2,9
Dependency-Check Core,org.owasp.dependencycheck.data.nodeaudit,NpmAuditParser,19,269,7,25,6,61,7,13,0,4
Dependency-Check Core,org.owasp.dependencycheck.data.nodeaudit,NpmPayloadBuilder,57,470,20,42,15,116,18,27,2,12
Dependency-Check Core,org.owasp.dependencycheck.data.nodeaudit,Advisory,35,94,0,0,13,42,11,26,11,26
Dependency-Check Core,org.owasp.dependencycheck.data.nodeaudit,NodeAuditSearch,137,179,12,9,37,42,9,7,0,5
Dependency-Check Core,org.owasp.dependencycheck.exception,NoDataException,16,0,0,0,8,0,4,0,4,0
Dependency-Check Core,org.owasp.dependencycheck.exception,WriteLockException,16,0,0,0,8,0,4,0,4,0
Dependency-Check Core,org.owasp.dependencycheck.exception,DependencyNotFoundException,16,0,0,0,8,0,4,0,4,0
Dependency-Check Core,org.owasp.dependencycheck.exception,ExceptionCollection,129,105,5,3,41,27,12,9,9,8
Dependency-Check Core,org.owasp.dependencycheck.exception,InitializationException,24,22,0,0,8,7,4,3,4,3
Dependency-Check Core,org.owasp.dependencycheck.exception,ParseException,16,0,0,0,8,0,4,0,4,0
Dependency-Check Core,org.owasp.dependencycheck.exception,ScanAgentException,16,0,0,0,8,0,4,0,4,0
Dependency-Check Core,org.owasp.dependencycheck.exception,ReportException,16,0,0,0,8,0,4,0,4,0
Dependency-Check Core,org.owasp.dependencycheck.reporting,ReportGenerator.Format,0,94,0,0,0,10,0,1,0,1
Dependency-Check Core,org.owasp.dependencycheck.reporting,SarifRule,153,328,25,29,69,83,58,32,35,28
Dependency-Check Core,org.owasp.dependencycheck.reporting,ReportGenerator,213,642,20,74,53,145,22,40,3,12
Dependency-Check Core,org.owasp.dependencycheck.reporting,EscapeTool,26,159,7,39,10,43,6,27,1,9
Dependency-Check Core,org.owasp.dependencycheck.reporting,ReportTool,144,275,34,35,29,58,24,21,0,9
Dependency-Check Core,org.owasp.dependencycheck.data.cwe,CweHandler,35,0,4,0,8,0,5,0,3,0
Dependency-Check Core,org.owasp.dependencycheck.data.cwe,App,165,0,10,0,36,0,8,0,3,0
Dependency-Check Core,org.owasp.dependencycheck.data.cwe,CweDB,21,40,1,3,9,12,1,5,0,4
Dependency-Check Core,org.owasp.dependencycheck.data.ossindex,ODCConnectionTransport,26,50,1,1,5,12,1,4,0,4
Dependency-Check Core,org.owasp.dependencycheck.data.ossindex,OssindexClientFactory,22,102,7,5,6,26,6,2,0,2
Dependency-Check Core,org.owasp.dependencycheck.data.update,UpdateService,0,12,0,0,0,4,0,2,0,2
Dependency-Check Core,org.owasp.dependencycheck.data.update,EngineVersionCheck,118,157,12,12,32,43,12,9,2,7
Dependency-Check Core,org.owasp.dependencycheck.data.update,KnownExploitedDataSource,114,39,15,1,22,10,10,3,2,3
Dependency-Check Core,org.owasp.dependencycheck.data.update,RetireJSDataSource,159,105,16,6,35,23,11,6,2,4
Dependency-Check Core,org.owasp.dependencycheck.data.update,LocalDataSource,51,34,4,0,15,9,3,3,1,3
Dependency-Check Core,org.owasp.dependencycheck.data.update,NvdApiDataSource.UrlData,0,15,0,0,0,6,0,3,0,3
Dependency-Check Core,org.owasp.dependencycheck.data.update,HostedSuppressionsDataSource,178,122,19,9,42,25,15,6,3,4
Dependency-Check Core,org.owasp.dependencycheck.data.update,KnownExploitedDataSource.new AbstractHttpClientResponseHandler() {...},28,0,0,0,7,0,2,0,2,0
Dependency-Check Core,org.owasp.dependencycheck.data.update,NvdApiDataSource,1378,85,157,7,313,24,91,7,11,5
Dependency-Check Core,org.owasp.dependencycheck.data.lucene,UrlTokenizingFilter,15,72,1,9,4,17,1,7,0,3
Dependency-Check Core,org.owasp.dependencycheck.data.lucene,LuceneUtils,0,61,1,11,0,17,1,8,0,3
Dependency-Check Core,org.owasp.dependencycheck.data.lucene,TokenPairConcatenatingFilter,59,99,6,10,17,28,5,8,2,3
Dependency-Check Core,org.owasp.dependencycheck.data.lucene,AlphaNumericFilter,51,114,6,14,15,28,5,11,2,4
Dependency-Check Core,org.owasp.dependencycheck.data.lucene,DependencySimilarity,5,0,0,0,2,0,2,0,2,0
Dependency-Check Core,org.owasp.dependencycheck.data.lucene,AbstractTokenizingFilter,0,51,0,4,0,15,0,7,0,5
Dependency-Check Core,org.owasp.dependencycheck.data.lucene,SearchFieldAnalyzer,0,119,1,1,0,19,1,5,0,5
Dependency-Check Core,org.owasp.dependencycheck.data.nvdcve,CveDB,3643,1277,348,76,910,272,261,46,71,24
Dependency-Check Core,org.owasp.dependencycheck.data.nvdcve,DatabaseException,13,0,0,0,6,0,3,0,3,0
Dependency-Check Core,org.owasp.dependencycheck.data.nvdcve,DriverShim,85,25,8,0,24,7,11,5,7,5
Dependency-Check Core,org.owasp.dependencycheck.data.nvdcve,CveDB.PreparedStatementCveDb,0,274,0,0,0,28,0,1,0,1
Dependency-Check Core,org.owasp.dependencycheck.data.nvdcve,DriverLoader,61,157,1,9,12,34,1,10,0,6
Dependency-Check Core,org.owasp.dependencycheck.data.nvdcve,CveItemOperator,368,47,162,4,59,13,92,5,5,4
Dependency-Check Core,org.owasp.dependencycheck.data.nvdcve,DatabaseProperties,113,83,12,8,26,21,15,9,7,7
Dependency-Check Core,org.owasp.dependencycheck.data.nvdcve,H2Functions,729,0,36,0,194,0,24,0,6,0
Dependency-Check Core,org.owasp.dependencycheck.data.nvdcve,DatabaseManager,451,357,41,19,111,104,31,21,3,19
Dependency-Check Core,org.owasp.dependencycheck.data.nvdcve,CorruptDatabaseException,9,0,0,0,4,0,2,0,2,0
Dependency-Check Core,org.owasp.dependencycheck.data.nvdcve,DriverLoadException,8,5,0,0,4,2,2,1,2,1
Dependency-Check Core,org.owasp.dependencycheck.data.update.exception,InvalidDataException,9,0,0,0,4,0,2,0,2,0
Dependency-Check Core,org.owasp.dependencycheck.data.update.exception,CorruptedDatastreamException,16,0,0,0,8,0,4,0,4,0
Dependency-Check Core,org.owasp.dependencycheck.data.update.exception,UpdateException,11,5,0,0,6,2,3,1,3,1
Dependency-Check Core,org.owasp.dependencycheck.xml.assembly,GrokErrorHandler,17,7,0,0,4,2,3,2,3,2
Dependency-Check Core,org.owasp.dependencycheck.xml.assembly,GrokParseException,16,0,0,0,8,0,4,0,4,0
Dependency-Check Core,org.owasp.dependencycheck.xml.assembly,GrokHandler,7,121,2,14,2,34,2,17,0,5
Dependency-Check Core,org.owasp.dependencycheck.xml.assembly,GrokParser,41,63,2,0,11,14,1,4,0,4
Dependency-Check Core,org.owasp.dependencycheck.xml.assembly,AssemblyData,18,97,0,0,8,39,5,26,5,26
Dependency-Check Core,org.owasp.dependencycheck,Engine.Mode,0,121,0,0,0,10,0,4,0,4
Dependency-Check Core,org.owasp.dependencycheck,Engine,459,1155,65,113,118,286,71,84,17,49
Dependency-Check Core,org.owasp.dependencycheck,AnalysisTask,0,109,0,4,0,25,0,6,0,4
Dependency-Check Core,org.owasp.dependencycheck.analyzer,PnpmAuditAnalyzer,135,263,14,14,35,71,13,13,0,12
Dependency-Check Core,org.owasp.dependencycheck.analyzer,FalsePositiveAnalyzer,461,591,149,81,73,138,101,37,4,19
Dependency-Check Core,org.owasp.dependencycheck.analyzer,ElixirMixAuditAnalyzer,251,138,15,5,59,30,10,9,1,8
Dependency-Check Core,org.owasp.dependencycheck.analyzer,GolangDepAnalyzer,73,315,9,21,14,76,7,18,0,10
Dependency-Check Core,org.owasp.dependencycheck.analyzer,RubyGemspecAnalyzer,131,303,28,18,33,62,21,14,2,10
Dependency-Check Core,org.owasp.dependencycheck.analyzer,SwiftPackageResolvedAnalyzer,71,300,23,12,18,79,17,15,0,14
Dependency-Check Core,org.owasp.dependencycheck.analyzer,FileNameAnalyzer,0,153,1,9,0,20,1,10,0,6
Dependency-Check Core,org.owasp.dependencycheck.analyzer,VersionFilterAnalyzer,0,317,8,76,0,51,8,43,0,9
Dependency-Check Core,org.owasp.dependencycheck.analyzer,PinnedMavenInstallAnalyzer.InstallFileV2,0,9,0,0,0,3,0,3,0,3
Dependency-Check Core,org.owasp.dependencycheck.analyzer,OpenSSLAnalyzer,25,205,4,10,7,37,4,13,0,10
Dependency-Check Core,org.owasp.dependencycheck.analyzer,PipAnalyzer,22,225,5,9,6,50,5,12,0,10
Dependency-Check Core,org.owasp.dependencycheck.analyzer,NpmCPEAnalyzer,31,52,0,2,9,18,0,8,0,7
Dependency-Check Core,org.owasp.dependencycheck.analyzer,ComposerLockAnalyzer,32,212,0,0,8,41,0,10,0,10
Dependency-Check Core,org.owasp.dependencycheck.analyzer,PinnedMavenInstallAnalyzer.Artifactv2,0,3,0,0,0,1,0,1,0,1
Dependency-Check Core,org.owasp.dependencycheck.analyzer,AbstractFileTypeAnalyzer,6,65,2,8,1,21,2,10,0,7
Dependency-Check Core,org.owasp.dependencycheck.analyzer,SwiftPackageManagerAnalyzer,72,174,14,10,13,47,12,11,0,11
Dependency-Check Core,org.owasp.dependencycheck.analyzer,AutoconfAnalyzer,11,299,6,28,3,62,5,23,0,11
Dependency-Check Core,org.owasp.dependencycheck.analyzer,CPEAnalyzer.IdentifierMatch,23,79,3,3,9,22,7,7,4,7
Dependency-Check Core,org.owasp.dependencycheck.analyzer,NvdCveAnalyzer,86,152,14,12,22,41,14,17,4,14
Dependency-Check Core,org.owasp.dependencycheck.analyzer,PinnedMavenInstallAnalyzer.MavenDependency,0,12,0,0,0,6,0,3,0,3
Dependency-Check Core,org.owasp.dependencycheck.analyzer,GolangModAnalyzer,247,214,17,9,46,66,13,12,0,11
Dependency-Check Core,org.owasp.dependencycheck.analyzer,PythonDistributionAnalyzer,130,401,25,31,31,93,22,21,1,14
Dependency-Check Core,org.owasp.dependencycheck.analyzer,DependencyMergingAnalyzer,43,435,28,108,13,102,26,59,0,17
Dependency-Check Core,org.owasp.dependencycheck.analyzer,MSBuildProjectAnalyzer,57,567,20,42,19,118,20,24,0,13
Dependency-Check Core,org.owasp.dependencycheck.analyzer,RubyBundleAuditAnalyzer,278,145,24,10,69,39,15,11,1,8
Dependency-Check Core,org.owasp.dependencycheck.analyzer,AbstractDependencyComparingAnalyzer,0,79,0,12,0,20,0,10,0,4
Dependency-Check Core,org.owasp.dependencycheck.analyzer,PinnedMavenInstallAnalyzer.InstallFile,0,3,0,0,0,1,0,1,0,1
Dependency-Check Core,org.owasp.dependencycheck.analyzer,RubyBundlerAnalyzer,50,92,16,14,10,20,12,8,0,5
Dependency-Check Core,org.owasp.dependencycheck.analyzer,VulnerabilitySuppressionAnalyzer,0,36,2,8,0,9,2,10,0,7
Dependency-Check Core,org.owasp.dependencycheck.analyzer,PinnedMavenInstallAnalyzer,57,326,14,23,20,78,14,15,0,10
Dependency-Check Core,org.owasp.dependencycheck.analyzer,UnusedSuppressionRuleAnalyzer,0,126,0,16,0,36,0,21,0,13
Dependency-Check Core,org.owasp.dependencycheck.analyzer,AbstractAnalyzer,0,64,0,6,0,24,0,15,0,12
Dependency-Check Core,org.owasp.dependencycheck.analyzer,NexusAnalyzer,243,66,26,4,70,20,18,10,4,9
Dependency-Check Core,org.owasp.dependencycheck.analyzer,AbstractNpmAnalyzer,339,799,54,78,66,174,43,44,6,15
Dependency-Check Core,org.owasp.dependencycheck.analyzer,JarAnalyzer.ClassNameInformation,4,74,0,8,2,18,1,7,1,3
Dependency-Check Core,org.owasp.dependencycheck.analyzer,AssemblyAnalyzer,301,789,71,93,79,170,59,38,0,15
Dependency-Check Core,org.owasp.dependencycheck.analyzer,PoetryAnalyzer,22,236,5,9,7,52,5,12,0,10
Dependency-Check Core,org.owasp.dependencycheck.analyzer,KnownExploitedVulnerabilityAnalyzer,14,49,1,3,4,16,1,8,0,7
Dependency-Check Core,org.owasp.dependencycheck.analyzer,PerlCpanfileAnalyzer,57,228,5,7,14,60,6,15,3,12
Dependency-Check Core,org.owasp.dependencycheck.analyzer,AbstractSuppressionAnalyzer,196,517,19,49,57,131,19,29,0,14
Dependency-Check Core,org.owasp.dependencycheck.analyzer,PipfileAnalyzer,22,222,3,7,6,50,3,11,0,9
Dependency-Check Core,org.owasp.dependencycheck.analyzer,CentralAnalyzer,339,107,39,5,96,35,23,12,3,10
Dependency-Check Core,org.owasp.dependencycheck.analyzer,PinnedMavenInstallAnalyzer.DependencyTree,0,9,0,0,0,3,0,3,0,3
Dependency-Check Core,org.owasp.dependencycheck.analyzer,NodeAuditAnalyzer,177,139,9,11,45,31,7,12,1,8
Dependency-Check Core,org.owasp.dependencycheck.analyzer,AnalysisPhase,0,154,0,0,0,16,0,1,0,1
Dependency-Check Core,org.owasp.dependencycheck.analyzer,CMakeAnalyzer,82,602,9,51,14,144,9,34,0,13
Dependency-Check Core,org.owasp.dependencycheck.analyzer,RetireJsAnalyzer,284,558,23,50,59,124,21,32,2,13
Dependency-Check Core,org.owasp.dependencycheck.analyzer,YarnAuditAnalyzer,210,654,20,34,56,158,19,28,0,20
Dependency-Check Core,org.owasp.dependencycheck.analyzer,CarthageAnalyzer,55,245,10,14,16,63,9,13,1,9
Dependency-Check Core,org.owasp.dependencycheck.analyzer,CPEAnalyzer,489,1967,65,247,99,427,58,150,5,47
Dependency-Check Core,org.owasp.dependencycheck.analyzer,ArchiveAnalyzer,453,1078,59,117,86,244,58,59,4,25
Dependency-Check Core,org.owasp.dependencycheck.analyzer,DependencyBundlingAnalyzer,297,914,106,200,74,189,89,89,1,24
Dependency-Check Core,org.owasp.dependencycheck.analyzer,PipfilelockAnalyzer,43,237,3,7,11,52,4,10,1,8
Dependency-Check Core,org.owasp.dependencycheck.analyzer,DartAnalyzer,30,457,8,29,11,106,8,27,0,16
Dependency-Check Core,org.owasp.dependencycheck.analyzer,AnalyzerService,1,84,1,11,1,22,1,10,0,5
Dependency-Check Core,org.owasp.dependencycheck.analyzer,CocoaPodsAnalyzer,81,460,16,24,19,105,14,18,0,12
Dependency-Check Core,org.owasp.dependencycheck.analyzer,PythonPackageAnalyzer,37,327,5,19,8,73,4,21,0,13
Dependency-Check Core,org.owasp.dependencycheck.analyzer,OssIndexAnalyzer,416,265,50,20,104,69,37,20,6,16
Dependency-Check Core,org.owasp.dependencycheck.analyzer,CPEAnalyzer.IdentifierConfidence,0,34,0,0,0,4,0,1,0,1
Dependency-Check Core,org.owasp.dependencycheck.analyzer,LibmanAnalyzer,40,247,8,10,11,61,7,11,0,9
Dependency-Check Core,org.owasp.dependencycheck.analyzer,NugetconfAnalyzer,28,254,0,6,8,46,0,11,0,8
Dependency-Check Core,org.owasp.dependencycheck.analyzer,JarAnalyzer,403,2754,139,339,85,527,127,146,0,34
Dependency-Check Core,org.owasp.dependencycheck.analyzer,ArtifactoryAnalyzer,208,40,20,0,56,12,14,8,4,8
Dependency-Check Core,org.owasp.dependencycheck.analyzer,CpeSuppressionAnalyzer,0,23,0,2,0,9,0,8,0,7
Dependency-Check Core,org.owasp.dependencycheck.analyzer,PEAnalyzer,120,378,33,49,22,85,24,29,0,9
Dependency-Check Core,org.owasp.dependencycheck.analyzer,NuspecAnalyzer,30,189,3,5,8,38,3,9,0,8
Dependency-Check Core,org.owasp.dependencycheck.analyzer,HintAnalyzer,181,437,11,55,48,94,11,38,1,15
Dependency-Check Core,org.owasp.dependencycheck.analyzer,NodePackageAnalyzer,220,646,34,84,46,143,28,44,0,13
Dependency-Check Core,org.owasp.dependencycheck.analyzer.exception,LambdaExceptionWrapper,4,0,0,0,2,0,1,0,1,0
Dependency-Check Core,org.owasp.dependencycheck.analyzer.exception,ArchiveExtractionException,12,4,0,0,6,2,3,1,3,1
Dependency-Check Core,org.owasp.dependencycheck.analyzer.exception,UnexpectedAnalysisException,13,0,0,0,6,0,3,0,3,0
Dependency-Check Core,org.owasp.dependencycheck.analyzer.exception,SearchException,16,0,0,0,8,0,4,0,4,0
Dependency-Check Core,org.owasp.dependencycheck.analyzer.exception,AnalysisException,4,12,0,0,2,6,1,3,1,3
Dependency-Check Core,org.owasp.dependencycheck.dependency.naming,PurlIdentifier,64,175,8,4,17,48,7,18,2,17
Dependency-Check Core,org.owasp.dependencycheck.dependency.naming,CpeIdentifier,32,151,4,4,10,44,6,13,2,13
Dependency-Check Core,org.owasp.dependencycheck.dependency.naming,GenericIdentifier,88,34,6,0,29,12,12,4,9,4
Dependency-Check Core,org.owasp.dependencycheck.xml,XmlInputStream,13,307,9,39,4,63,8,28,0,12
Dependency-Check Core,org.owasp.dependencycheck.xml,XmlEntity,0,1543,0,4,0,262,0,4,0,2
Dependency-Check Core,org.owasp.dependencycheck.xml.hints,HintHandler.ParentType,0,34,0,0,0,4,0,1,0,1
Dependency-Check Core,org.owasp.dependencycheck.xml.hints,HintParser,14,136,2,2,4,35,2,6,0,6
Dependency-Check Core,org.owasp.dependencycheck.xml.hints,HintErrorHandler,11,13,0,0,3,3,2,3,2,3
Dependency-Check Core,org.owasp.dependencycheck.xml.hints,HintRule,0,206,0,0,0,41,0,21,0,21
Dependency-Check Core,org.owasp.dependencycheck.xml.hints,HintHandler,3,272,11,33,3,70,11,23,0,5
Dependency-Check Core,org.owasp.dependencycheck.xml.hints,HintParseException,12,4,0,0,6,2,3,1,3,1
Dependency-Check Core,org.owasp.dependencycheck.xml.hints,VendorDuplicatingHintRule,8,15,0,0,4,6,2,3,2,3
Dependency-Check Core,org.owasp.dependencycheck.xml.hints,EvidenceMatcher,21,90,0,18,4,19,4,16,4,7
Dependency-Check Core,org.owasp.dependencycheck.agent,DependencyCheckScanAgent,460,414,43,13,139,102,90,17,63,16
Dependency-Check Core,org.owasp.dependencycheck.data.nvd.ecosystem,DescriptionEcosystemMapper,19,446,11,63,7,96,12,42,1,16
Dependency-Check Core,org.owasp.dependencycheck.data.nvd.ecosystem,UrlHostHint,2,96,0,0,1,14,1,5,1,5
Dependency-Check Core,org.owasp.dependencycheck.data.nvd.ecosystem,CveEcosystemMapper,83,42,13,5,15,10,11,4,3,3
Dependency-Check Core,org.owasp.dependencycheck.data.nvd.ecosystem,EcosystemHintNature,0,44,0,0,0,5,0,1,0,1
Dependency-Check Core,org.owasp.dependencycheck.data.nvd.ecosystem,DescriptionKeywordHint,0,206,0,0,0,24,0,6,0,6
Dependency-Check Core,org.owasp.dependencycheck.data.nvd.ecosystem,FileExtensionHint,0,146,0,0,0,19,0,6,0,6
Dependency-Check Core,org.owasp.dependencycheck.data.nvd.ecosystem,StringAhoCorasickDoubleArrayTrie,3,84,0,8,1,17,1,7,1,3
Dependency-Check Core,org.owasp.dependencycheck.data.nvd.ecosystem,UrlEcosystemMapper,1,100,2,8,1,20,2,6,0,3
Dependency-Check Core,org.owasp.dependencycheck.data.nvd.ecosystem,Ecosystem,0,20,0,0,0,5,0,2,0,2
Dependency-Check Core,org.owasp.dependencycheck.data.nvd.ecosystem,UrlPathHint,2,48,0,0,1,10,1,5,1,5
Dependency-Check Core,org.owasp.dependencycheck.data.golang,GoModJsonParser,35,75,1,5,10,19,1,5,0,3
Dependency-Check Core,org.owasp.dependencycheck.data.golang,GoModDependency,70,320,6,22,15,61,6,14,1,5
Dependency-Check Core,org.owasp.dependencycheck.data.artifactory,ChecksumsImpl,0,24,0,0,0,10,0,7,0,7
Dependency-Check Core,org.owasp.dependencycheck.data.artifactory,ItemImpl,86,33,4,0,30,16,15,9,13,9
Dependency-Check Core,org.owasp.dependencycheck.data.artifactory,FileImpl,24,45,0,0,7,19,7,11,7,11
Dependency-Check Core,org.owasp.dependencycheck.data.artifactory,ArtifactorySearchResponseHandler,14,280,5,29,4,59,5,18,0,6
Dependency-Check Core,org.owasp.dependencycheck.data.artifactory,ArtifactorySearch,92,60,1,1,22,15,2,4,1,4
Dependency-Check Core,org.owasp.dependencycheck.data.knownexploited.json,Vulnerability,588,44,106,0,76,20,67,10,14,10
Dependency-Check Core,org.owasp.dependencycheck.data.knownexploited.json,KnownExploitedVulnerabilitiesSchema,318,39,56,0,43,14,35,7,7,7
Dependency-Check Core,org.owasp.dependencycheck.data.nuget,NugetPackage,63,38,6,0,18,16,5,11,2,11
Dependency-Check Core,org.owasp.dependencycheck.data.nuget,XPathNuspecParser,0,115,3,7,0,23,3,5,0,3
Dependency-Check Core,org.owasp.dependencycheck.data.nuget,DirectoryPackagesPropsParser,32,102,10,10,8,25,9,3,0,2
Dependency-Check Core,org.owasp.dependencycheck.data.nuget,XPathMSBuildProjectParser,13,119,3,15,4,28,3,8,0,2
Dependency-Check Core,org.owasp.dependencycheck.data.nuget,NugetconfParseException,12,0,0,0,6,0,3,0,3,0
Dependency-Check Core,org.owasp.dependencycheck.data.nuget,MSBuildProjectParseException,12,0,0,0,6,0,3,0,3,0
Dependency-Check Core,org.owasp.dependencycheck.data.nuget,DirectoryBuildPropsParser,7,117,3,11,2,27,3,7,0,3
Dependency-Check Core,org.owasp.dependencycheck.data.nuget,XPathNugetconfParser,12,70,3,5,3,18,3,3,0,2
Dependency-Check Core,org.owasp.dependencycheck.data.nuget,NugetPackageReference,43,17,6,0,13,7,5,5,2,5
Dependency-Check Core,org.owasp.dependencycheck.data.nuget,NuspecParseException,3,9,0,0,2,4,1,2,1,2
Dependency-Check Core,org.owasp.dependencycheck.data.update.cpe,CpeEcosystemCache,1,80,1,9,0,22,1,9,0,5
Dependency-Check Core,org.owasp.dependencycheck.data.update.cpe,CpePlus,8,15,0,0,4,6,2,3,2,3
Dependency-Check Core,org.owasp.dependencycheck.utils,Filter.FilterIterator,8,52,2,8,2,17,3,7,1,4
Dependency-Check Core,org.owasp.dependencycheck.utils,ExtractionUtil,542,228,56,22,119,59,39,10,3,7
Dependency-Check Core,org.owasp.dependencycheck.utils,UrlStringUtils,0,193,1,17,0,28,1,12,0,4
Dependency-Check Core,org.owasp.dependencycheck.utils,WriteLockCleanupHook,15,20,2,0,6,8,2,4,1,4
Dependency-Check Core,org.owasp.dependencycheck.utils,DependencyVersion,7,320,7,51,4,83,7,33,0,11
Dependency-Check Core,org.owasp.dependencycheck.utils,Filter,0,18,0,0,0,3,0,4,0,4
Dependency-Check Core,org.owasp.dependencycheck.utils,Pair,21,60,3,3,8,19,6,5,3,5
Dependency-Check Core,org.owasp.dependencycheck.utils,DependencyVersionUtil,0,120,2,24,0,34,2,15,0,4
Dependency-Check Core,org.owasp.dependencycheck.utils,FileFilterBuilder,9,126,3,13,1,24,2,13,0,7
Dependency-Check Core,org.owasp.dependencycheck.utils,PEParser,628,1246,91,94,156,312,74,64,14,24
Dependency-Check Core,org.owasp.dependencycheck.utils,InterpolationUtil.PropertyLookup,0,12,0,0,0,4,0,2,0,2
Dependency-Check Core,org.owasp.dependencycheck.utils,InterpolationUtil,0,40,1,5,0,7,1,4,0,2
Dependency-Check Core,org.owasp.dependencycheck.utils,SeverityUtil.Severity,4,85,2,6,1,13,2,6,0,2
Dependency-Check Core,org.owasp.dependencycheck.utils,SeverityUtil,15,83,4,14,5,22,3,14,0,5
Dependency-Check Core,org.owasp.dependencycheck.utils,PyPACoreMetadataParser,11,171,3,23,4,35,3,14,0,4
Dependency-Check Core,org.owasp.dependencycheck.utils,InterpolationUtil.SyntaxStyle,0,24,0,0,0,3,0,1,0,1
Dependency-Check Core,org.owasp.dependencycheck.utils,DateUtil,8,81,1,7,2,17,1,8,0,5
Dependency-Check Core,org.owasp.dependencycheck.utils,CvssUtil,72,462,8,42,10,70,8,22,0,5
Dependency-Check Core,org.owasp.dependencycheck.utils,WriteLockShutdownHookFactory,9,21,0,0,3,4,0,2,0,2
Dependency-Check Core,org.owasp.dependencycheck.utils,WriteLockShutdownHook,0,3,0,0,0,1,0,1,0,1
Dependency-Check Core,org.owasp.dependencycheck.utils,WriteLock,193,298,31,27,47,75,29,11,2,9
Dependency-Check Core,org.owasp.dependencycheck.utils,DBUtils,39,22,6,4,13,9,6,3,1,3
Dependency-Check Core,org.owasp.dependencycheck.data.cpe,IndexEntry,35,99,7,7,10,27,10,10,3,10
Dependency-Check Core,org.owasp.dependencycheck.data.cpe,IndexException,16,0,0,0,8,0,4,0,4,0
Dependency-Check Core,org.owasp.dependencycheck.data.cpe,CpeMemoryIndex,0,9,0,0,0,3,0,3,0,3
Dependency-Check Core,org.owasp.dependencycheck.data.cpe,NpmCpeMemoryIndex,0,9,0,0,0,3,0,3,0,3
Dependency-Check Core,org.owasp.dependencycheck.data.cpe,AbstractMemoryIndex,70,312,13,17,21,77,14,15,1,13
Dependency-Check Core,org.owasp.dependencycheck.xml.suppression,SuppressionParser.ClassloaderResolver,0,30,2,4,0,8,2,2,0,1
Dependency-Check Core,org.owasp.dependencycheck.xml.suppression,SuppressionParser,39,106,3,1,11,22,2,4,0,4
Dependency-Check Core,org.owasp.dependencycheck.xml.suppression,SuppressionParseException,7,9,0,0,4,4,2,2,2,2
Dependency-Check Core,org.owasp.dependencycheck.xml.suppression,SuppressionRule,118,799,23,129,28,193,25,101,5,45
Dependency-Check Core,org.owasp.dependencycheck.xml.suppression,SuppressionErrorHandler,12,12,0,0,2,4,2,3,2,3
Dependency-Check Core,org.owasp.dependencycheck.xml.suppression,SuppressionHandler,20,211,7,25,5,55,7,21,0,7
Dependency-Check Core,org.owasp.dependencycheck.xml.suppression,PropertyType,41,86,3,11,12,26,4,14,1,10
Dependency-Check Core,org.owasp.dependencycheck.data.nexus,NexusV3Search.NexusV3SearchResponseHandler,273,0,32,0,63,0,18,0,2,0
Dependency-Check Core,org.owasp.dependencycheck.data.nexus,NexusV2Search,221,0,18,0,57,0,13,0,4,0
Dependency-Check Core,org.owasp.dependencycheck.data.nexus,MavenArtifact,55,58,0,0,18,19,8,8,8,8
Dependency-Check Core,org.owasp.dependencycheck.data.nexus,NexusV3Search,233,0,22,0,50,0,16,0,5,0
